1001;大鵬華城;38;3;新店區;24.99116;121.53398;新北市新店區中正路700巷3號;Xindian Dist.;Dapeng Community;No. 3, Lane 700 Chung Cheng Road, Xindian District;
1002;汐止火車站;56;31;汐止區;25.068914;121.662748;南昌街/新昌路口(西側廣場);Xizhi Dist.;Xizhi Railway Station;Nanchang St./Xinchang Rd.;
1003;汐止區公所;46;26;汐止區;25.064162;121.658301;新台五路一段/仁愛路口(新台五路側汐止地政事務所前機車停車場);Xizhi Dist.;Xizhi Dist. Office;Sec. 1, Xintai 5th Rd./Ren’ai Rd.;
1004;國泰綜合醫院;40;12;汐止區;25.07315;121.662555;建成路78號對面停車場;Xizhi Dist.;Cathay General Hospital;No78, Jiancheng Rd;
1005;裕隆公園;40;15;新店區;24.979649;121.546319;寶中路/品牌路口(東南側);Xindian Dist.;Yulon Park;;
1006;捷運大坪林站;32;9;新店區;24.983977;121.541721;寶安街/寶安街58巷(西北側);Xindian Dist.;MRT Dapinglin Sta.;Bao'an St./Ln. 58,Bao'an St;
1007;汐科火車站(北);34;11;汐止區;25.064106;121.653019;大同路二段184巷/龍安路202巷(西側)(汐科火車站北站出口前);Xizhi Dist.;Xike Railway Station(North);Ln. 184,Sec. 2, Datong Rd./Ln. 202,Long’an Rd.;
1008;興華公園;40;2;三重區;25.060125;121.483101;重陽路一段120巷/中華路2巷;Sanchong Dist.;Xinghua Park;Ln. 120, Sec. 1, Chongyang Rd./Ln. 2, Zhonghua Rd.;
1009;三重國民運動中心;68;31;三重區;25.054391;121.488489;集美街/重新路四段184巷;Sanchong Dist.;San chong Civil Sports Center;Jimei St., Sanchong Dist./Ln. 184, Sec. 4, Chongxin Rd.;
1010;捷運三重站(3號出口);34;4;三重區;25.055883;121.484739;捷運路/捷運路37巷;Sanchong Dist.;MRT Sanchong Sta. (Exit 3);Jieyun Rd./Ln. 37, Jieyun Rd.;
1011;樟樹國小;48;5;汐止區;25.066688;121.640367;樟樹二路/樟樹一路141巷;Xizhi Dist.;Zhangshu Elementary School;Zhangshu 2nd Rd./Ln. 141, Zhangshu 1st Rd.;
1012;金龍國小;52;13;汐止區;25.0688;121.628908;中興路/民族六街;Xizhi Dist.;Jinlong Elementary School;Zhongxing Rd./Minzu 6th St.;
1013;白雲國小;46;19;汐止區;25.047578;121.618888;民權街二段90號;Xizhi Dist.;Pai Yun Primary School;No.90, Sec. 2, Minquan St.;
1014;東勢宜興活動中心;52;16;汐止區;25.039031;121.624333;東勢街/芳園街;Xizhi Dist.;Yixing-Dongshi Civic Center;Dongshi St./Fangyuan St.;
1015;後港公園;40;27;新莊區;25.025358;121.428348;建安街/建安街57巷;Xinzhuang Dist.;Hougang Park;Ln. 57, Jian’an St./Jian’an St.;
1016;福營行政中心;42;7;新莊區;25.0241250;121.423870;四維路17號-20號;Xinzhuang Dist.;Fuying Administration Center;No.17, Siwei Rd./No.20, Siwei Rd.;
1017;西盛公園;36;13;新莊區;25.017113;121.428048;新莊區西盛街/西盛街201巷;Xinzhuang Dist.;Xisheng Park;Xisheng St./Ln. 201, Xisheng St.;
1018;忠誠里(北新路2段97巷);42;5;新店區;24.974272;121.542779;北新路二段/北新路二段97巷;Xindian Dist.;Zhongcheng Village (Ln. 97, Sec. 2, Beixin Rd);Sec. 2, Beixin Rd./Ln. 97, Sec. 2, Beixin Rd.;
1019;仁愛廣場;50;14;蘆洲區;25.090565;121.471621;民權路139號旁;Luzhou Dist.;Renai Square;No.139, Minquan Rd.;
1020;重陽國小;42;3;三重區;25.066245;121.484337;中正北路/三民街175巷;Sanchong Dist.;Chong Yang Elementary School;Zhongzheng N. Rd./Ln. 175, Sanmin St.;
1021;明志國中;50;6;三重區;25.063396;121.488982;中正北路107號;Sanchong Dist.;Mingzhi Junior High School;No.107, Zhongzheng N. Rd;
1022;三重商工;64;2;三重區;25.068681;121.480705;中正北路/中正北路276巷;Sanchong Dist.;San-Chung Commercial and Industrial Vocational High School;Ln. 276, Zhongzheng N. Rd.;
1023;捷運新莊站(1號出口);60;13;新莊區;25.036152;121.452069;中正路/中華路一段;Xinzhuang Dist.;MRT Xinzhuang Sta. (Exit 1);Zhongzheng Rd./Sec. 1, Zhonghua Rd.;
1024;原興廣場;52;0;汐止區;25.065042;121.633149;原興路/中興路150巷;Xizhi Dist.;Yuan Xing Square;Yuanxing Rd./Ln. 150, Zhongxing Rd.;
1025;文化白雲公園;76;5;汐止區;25.056875;121.655207;水源路二段42號訖水源路二段68號;Xizhi Dist.;Wenhua-Baiyun Park;No.42 to No.68, Sec. 2, Shuiyuan Rd.;
1026;秀山國小;62;2;中和區;24.996151;121.521988;更生街/自立路(西南側);Zhonghe Dist.;Xiushan Elementary School;Gengsheng St./Zili Rd.;
1027;捷運永安市場站;72;18;中和區;25.001013;121.511588;中安街/中和路378巷(東南側);Zhonghe Dist.;MRT Yongan Market Sta.;Zhong’an St./Ln. 378, Zhonghe Rd.;
1028;福和國中;66;11;永和區;25.005952;121.520930;永貞路/永亨路(東南側);Yonghe Dist.;Fuhe Junior High School;Yongzhen Rd./Yongheng Rd.;
1029;仁愛公園;60;2;永和區;25.009838;121.505825;仁愛路/保生路;Yonghe Dist.;Renai Park;Ren’ai Rd./Baosheng Rd.;
1030;中和公園;46;23;中和區;25.000726;121.514350;安樂路/得和路(西南側);Zhonghe Dist.;Zhonghe Park;Anle Rd./Dehe Rd.;
1031;金龍公園;52;25;汐止區;25.069473;121.631525;湖前街31巷2弄/湖前街31巷;Xizhi Dist.;Jinlong Park;Aly. 2, Ln. 31, Huqian St./Ln. 31, Huqian St.;
1032;重陽公園;50;15;蘆洲區;25.085688;121.483618;集賢路221巷重陽活動中心;Luzhou Dist.;Chong Yang Park;Ln. 221, Jixian Rd.;
1033;捷運三民高中站(1號出口);78;60;蘆洲區;25.085815;121.472722;三民路105號;Luzhou Dist.;MRT Sanmin Senior High School Sta. (Exit 1);No.105, Sanmin Rd.;
1034;中原公園;58;10;蘆洲區;25.083316;121.463894;長興路22號前通道;Luzhou Dist.;Zhung Yuan Park;No.22, Changxing Rd.;
1035;丹鳳派出所;38;3;新莊區;25.027694;121.414662;雙鳳路77巷丹鳳派出所前;Xinzhuang Dist.;Danfeng Police Substation;Ln. 77, Shuangfeng Rd.(Danfeng Police Station);
1036;小金門友誼公園;60;19;新店區;24.977227;121.538140;民族路/建興街;Xindian Dist.;Little Kinmen Park;Jianxing St.;
1037;中興寶橋路口;52;35;新店區;24.976180;121.546870;中興路三段1號旁;Xindian Dist.;Zhongxing & Baoqiao Intersection　;No.1, Sec. 3, Zhongxing Rd.;
1038;新莊棒球場;38;2;新莊區;25.041603;121.446053;和興街75號/復興路一段23號;Xinzhuang Dist.;Xinzhuang Baseball Court;No.75, Hexing St./No.23, Sec. 1, Fuxing Rd.;
1039;頂溪國小;50;1;永和區;25.015811;121.511261;文化路133號(西側);Yonghe Dist.;Tinghsi Elementary School;No.133, Wenhua Rd.;
1040;永和國小;38;10;永和區;25.002272;121.517442;中正路390號至426號對面;Yonghe Dist.;Yonghe Elementary School;No.390 to No.426, Zhongzheng Rd.(opposite);
1041;秀朗國小;46;1;永和區;24.999392;121.522843;民生路15號至23號對面;Yonghe Dist.;Xiu Lang Elementary School;No.15 to No.23, Minsheng Rd.(opposite);
1042;台北慈濟醫院;40;9;新店區;24.985872;121.536887;建國路289號旁空地;Xindian Dist.;Taipei Tzu Chi Hospital;No.289, Jianguo Rd.;
1043;捷運頂溪站(1號出口);36;10;永和區;25.012176;121.515271;中興街1號對面;Yonghe Dist.;MRT Dingxi Sta. (Exit 1);No.1, Zhongxing St.(opposite);
1044;保安永平路口;42;27;永和區;25.012691;121.506471;保安路248號至250號對面;Yonghe Dist.;Bao'an & Yongping Intersection;No.248 to No.250, Bao’an Rd.;
1045;崇光女中;36;13;新店區;24.972127;121.539554;三民路14號至三民路18號;Xindian Dist.;Our Lady of Providence Girls' High School;No.14 to No.18, Sanmin Rd.;
1046;新店高中;42;11;新店區;24.974181;121.534209;三民路159巷/三民路108號(對面人行道);Xindian Dist.;Hsin Tien Senior High School;Ln. 159, Sanmin Rd./ No.108, Sanmin Rd.;
1047;新莊文化藝術中心;48;18;新莊區;25.047150;121.444453;中平路133號前;Xinzhuang Dist.;Xinzhuang Culture and Arts Center;No.133, Zhongping Rd.;
1048;中華中原路口;58;23;新莊區;25.054232;121.451752;中原路/中華路二段;Xinzhuang Dist.;Zhonghua & Zhongyuan Intersection;Zhongyuan Rd./Sec. 2, Zhonghua Rd;
1049;新北高中;60;14;三重區;25.087225;121.489525;三信路1號旁;Sanchong Dist.;New Taipei Senior High School;No.1, Sanxin Rd.;
1050;福壽公園;36;16;新莊區;25.051829;121.457746;福壽街130號至140號(對面福壽公園);Xinzhuang Dist.;Fushou Park;No.130 to No.140, Fushou St.;
1051;保長公園;28;19;汐止區;25.079523;121.674342;保長路/保長路45巷;Xizhi Dist.;Baochang Park;Baochang Rd./Ln. 45, Baochang Rd.;
1052;新店公有中央市場;36;16;新店區;24.975308;121.527287;中央四街64號對面;Xindian Dist.;Zhongyang Market;No.64, Zhongyang 4th St. (opposite);
1053;永平高中;34;16;永和區;25.010163;121.509358;永平路/永平路203巷口(靠學校圍牆路側);Yonghe Dist.;Yong-Ping High School;Yongping Rd./Ln. 203, Yongping Rd.;
1054;惠國市場;36;18;新店區;24.970415;121.543384;中正路75巷至中正路95巷間;Xindian Dist.;Huiguo Market;Ln. 75 to Ln. 95 , Zhongzheng Rd.;
1055;陽光橋;40;11;新店區;24.978494;121.524176;溪園路/中山路;Xindian Dist.;Sunshine Bridge;Xiyuan Rd./Zhongshan Rd.;
1056;中興寶慶街口;50;12;新店區;24.986942;121.541950;中興路三段/寶慶街;Xindian Dist.;Zhongxing & Baoqing Intersection;Sec. 3, Zhongxing Rd./Baoqing St.;
1057;東方科學園區;52;18;汐止區;25.061262;121.649512;新台五路一段90-116號;Xizhi Dist.;Oriental Science Park;No.90 to No.116, Sec. 1, Xintai 5th Rd.;
1058;連興龍安路口;70;49;汐止區;25.062989;121.654430;連興路/龍安路28巷;Xizhi Dist.;Lianxing & Long’an Intersection;Lianxing St./Ln. 28, Long’an Rd.;
1059;青山國民中小學;50;23;汐止區;25.061034;121.655586;莊敬街33號;Xizhi Dist.;Qingshan Elementary and Junior High School;No.33, Zhuangjing St.;
1060;汐止區綜合運動場;44;27;汐止區;25.066238;121.659067;汐科路/秀峰路;Xizhi Dist.;Xizhi Sports Field;Xike Rd./Xiufeng Rd.;
1061;汐止公園;52;9;汐止區;25.067682;121.659763;大同路二段451號;Xizhi Dist.;Xizhi Park;No.451, Sec. 2, Datong Rd.;
1062;保順環河西路口;58;7;永和區;25.010786;121.503376;保順環河西路口;Yonghe Dist.;Baoshun & Huanhe W. Intersection;Baoshun & Huanhe W. Intersection;
1063;台灣科學園區;40;20;汐止區;25.057900;121.634899;大同路一段237號前空地;Xizhi Dist.;Taiwan Science Park;No.237, Sec. 1, Datong Rd.;
1064;中正國小;32;11;新店區;24.971496;121.536296;三民路36號-42-1號前機車格;Xindian Dist.;Chung Cheng Elementary School;No. 36 to No.42-1, Sanmin Rd.;
1065;開元市民活動中心;42;19;三重區;25.066074;121.503557;開元街58號/長元街65巷16弄對面;Sanchong Dist.;Kaiyuan Civic Activity Center;No.58, Kaiyuan St./Aly. 16, Ln. 65, Changyuan St. (opposite);
1066;雍和科學園區;44;17;汐止區;25.058078;121.626018;南陽街185號;Xizhi Dist.;Taipei Park;No.185, Nanyang St.;
1067;二重國小;46;17;三重區;25.065976;121.477656;頂崁街164號至188號(對面二重國小);Sanchong Dist.;Er Chong Elementary School;No.164 to No.188, Dingkan St. (opposite);
1068;二重國中;70;10;三重區;25.065957;121.480465;忠孝路三段75巷1號至忠孝路三段75巷11號(對面人行道);Sanchong Dist.;Er Chung Junior High School;No.1, Ln. 75, Sec. 3, Zhongxiao Rd. to No.11, Ln. 75, Sec. 3, Zhongxiao Rd. (opposite);
1069;三重行政中心;44;4;三重區;25.060566;121.488229;新北大道一段15巷至新北大道一段5巷2弄(區公所人行道);Sanchong Dist.;Sanchong District office;Ln. 12, Zhongshan Rd.,/Aly. 2, Ln. 5, Sec. 1, New Taipei Blvd.;
1070;新北市立圖書館三重分館;50;20;三重區;25.066099;121.495529;自強路一段162號至自強路一段二弄4號(對面停車場);Sanchong Dist.;New Taipei City Library Sanchong Branch;No.162, Sec. 1, Ziqiang Rd. to No.4, Aly. 2, Sec. 1, Ziqiang Rd. (opposite);
1071;三張公園;40;7;三重區;25.070507;121.490935;大智街127號至大智路137號(對面三張公園);Sanchong Dist.;Sanzhang Park;No.127, Dazhi St. to No.137, Dazhi St. (opposite);
1072;捷運丹鳳站(1號出口);46;20;新莊區;25.029032;121.422799;中正路/民安路;Xinzhuang Dist.;MRT Danfeng Sta. (Exit 1);Zhongzheng Rd./Min’an Rd;
1073;永福橋;50;0;永和區;25.010032;121.524184;豫溪街217巷27號對面人行道;Yonghe Dist.;Yongfu Bridge;No.27, Ln. 217, Yuxi St. (opposite);
1074;中港國小;50;16;新莊區;25.046418;121.447639;中和街62號對面;Xinzhuang Dist.;Zhonggang Elementary School;No.62, Zhonghe St. (opposite);
1075;六合公園;40;2;三重區;25.069499;121.487588;自強路二段74巷27號對面;Sanchong Dist.;Liuhe Park;No.27, Ln. 74, Sec. 2, Ziqiang Rd. (opposite);
1076;正義公園;52;24;三重區;25.068551;121.497818;文化北路101號至119號對面;Sanchong Dist.;Zhengyi Park;No.101 to No. 119, Wenhua N. Rd. (opposite);
1077;捷運徐匯中學站(1號出口);56;40;蘆洲區;25.080468;121.479852;中山一路3號(捷運徐匯中學站1號出口旁);Luzhou Dist.;MRT St.Ignatius High School Sta. (Exit 1);No.3, Zhongshan 1st Rd.;
1078;黃城公園;38;1;新莊區;25.052382;121.448239;新莊區中信街74號旁;Xinzhuang Dist.;Huangcheng Park;No.74, Zhongxin St.;
1079;捷運菜寮站(3號出口);30;10;三重區;25.060471;121.492198;重新路三段67號旁;Sanchong Dist.;MRT Cailiao Sta. (Exit 3);No.67, Sec. 3, Chongxin Rd.;
1080;捷運三和國中站(1號出口);48;23;三重區;25.075881;121.487795;三和路四段95號至97號對面(捷運三和國中站1號出口);Sanchong Dist.;MRT Sanhe Junior High School Sta.;No.95 to N0. 97, Sec. 4, Sanhe Rd. (opposite);
1081;中和國民運動中心;50;26;中和區;24.993477;121.487692;和城路一段/中正二橋;Zhonghe Dist.;Zhonghe Civil Sports Center;Sec. 1, Hecheng Rd./  Zhongzheng Second Bridge;
1082;四維公園;40;0;新莊區;25.021308;121.422185;四維路181號對面(四維活動中心出口前);Xinzhuang Dist.;Siwei Park;No.181, Siwei Rd. (opposite);
1083;蘆洲國民運動中心;42;1;蘆洲區;25.091945;121.461613;長興路237巷/長興路;Luzhou Dist.;Luzhou Civil Sports Center;Ln. 237, Changxing Rd./Changxing Rd.;
1084;和平公園;36;9;三重區;25.070884;121.485712;忠孝路二段/忠孝路二段32巷;Sanchong Dist.;Helping Park;Zhongxiao Rd./Ln. 32, Sec. 2, Zhongxiao Rd.;
1085;三重綜合體育館;52;29;三重區;25.061446;121.491926;新北大道一段1號前人行道;Sanchong Dist.;Sanchong Sports Center;No.1, Sec. 1, New Taipei Blvd.;
1086;信義公園;36;20;三重區;25.064804;121.498749;信義西街18號對面人行道;Sanchong Dist.;Xinyi Park;No.18, Xinyi W. St. (opposite);
1088;秀得里(成功路二段);28;4;永和區;25.000705;121.526729;成功路二段28號至34號;Yonghe Dist.;Xiu de Village (Chenggong Rd. Sec. 2);No.28 to No.34, Sec. 2, Chenggong Rd.;
1089;永平公園;44;8;蘆洲區;25.089987;121.459424;永樂街38巷42弄公園人行道(永平市場南側);Luzhou Dist.;Yongping Park;Aly. 42, Ln. 38, Yongle St.;
1090;永康公園;30;0;蘆洲區;25.084764;121.458733;長安街220巷6號對面人行道;Luzhou Dist.;Yongkang Park;No.6, Ln. 220, Chang’an St. (opposite);
1091;頭前運動公園;50;31;新莊區;25.052180;121.462124;頭成街165號對面人行道;Xinzhuang Dist.;Touqian Sports Park;No.165, Toucheng St. (opposite);
1092;頭前國中;42;5;新莊區;25.054464;121.459318;中原路3至9號對面人行道;Xinzhuang Dist.;Touqian Junior High School;No.3 to No.9 , Zhongyuan Rd. (opposite);
1093;建國民權路口;46;16;新店區;24.983184;121.537462;建國路259號前人行道;新店區;Jianguo Minquan Intersection;No.259, Jianguo Rd.;
1094;聯邦公園;48;0;三重區;25.064447;121.483710;三民街/中華路;Sanchong Dist.;Lian Bang Park;Sanmin St./Zhonghua Rd.;
1095;捷運蘆洲站;52;15;蘆洲區;25.091637;121.464031;三民路/中正路口;Luzhou Dist.;MRT Luzhou Sta.;Sanmin Rd./Zhongzheng Rd.;
1096;集成成功路口;32;0;三重區;25.051542;121.488208;集成路2號至8號前人行道;Sanchong Dist.;Ji Cheng Cheng Gong Intersection;No.2 to No.8, Jicheng Rd.;
1097;板橋國民運動中心;44;6;板橋區;25.022235;121.458152;英士路/智樂路;Banqiao Dist.;Banqiao Civil Sports Center;Yingshi Rd./Jhihle Rd.;
1098;永安公園;38;6;板橋區;25.024786;121.477397;雙十路一段25號前人行道;Banqiao Dist.;Yongan Park;No.25, Sec. 1, Shuangshi Rd.;
1099;捷運江子翠站(3號出口);44;20;板橋區;25.029729;121.472359;文化路二段/雙十路二段;Banqiao Dist.;MRT Jiangzicui Sta.(Exit 3);Sec. 2, Wenhua Rd./Sec. 2, Shuangshi Rd.;
1100;音樂公園;48;11;板橋區;25.028631;121.480460;大同街97號對面公園人行道;Banqiao Dist.;Yinyue Park;No.97, Datong St.;
1101;捷運七張站(1號出口);42;3;新店區;24.974996;121.542767;北新路二段/北新路二段121巷;Xindian Dist.;MRT Qizhang Sta. (Exit 1);Sec. 2, Beixin Rd./Ln. 121, Sec. 2, Beixin Rd.;
1102;北新國小;44;24;新店區;24.974233;121.544428;寶橋路8號前人行道;Xindian Dist.;BeiXin Elementary School;No.8, Baoqiao Rd.;
1103;捷運新埔站(2號出口);40;18;板橋區;25.022095;121.467598;文化路一段318號旁廣場;Banqiao Dist.;MRT Xinpu Sta.(Exit.2);No.318, Sec. 1, Wenhua Rd.;
1104;聯合醫院板橋院區;34;1;板橋區;25.023832;121.457773;龍泉街131號旁人行道(立體停車場前);Banqiao Dist.;New Taipei City Hospital Banqiao Branch;No.131, Longquan St.;
1105;捷運板橋站(3號出口);68;40;板橋區;25.014797;121.462051;文化路一段117號對面人行道;Banqiao Dist.;MRT Banqiao Sta.(Exit.3);No.117, Sec. 1, Wenhua Rd. (opposite);
1106;民生公園;42;5;板橋區;25.013087;121.475894;民生路一段/民生路一段30巷;Banqiao Dist.;Minsheng Park;Sec. 1, Minsheng Rd./Ln. 30, Sec. 1, Minsheng Rd.;
1107;新北市政府;40;14;板橋區;25.012374;121.464224;新府路1號對面人行道;Banqiao Dist.;New Taipei City Hall;No.1, Xinfu Rd. (opposite);
1108;捷運板橋站(1號出口);90;53;板橋區;25.013174;121.461900;縣民大道二段3號(秀泰影城門口);Banqiao Dist.;MRT Banqiao Sta.(Exit.1);No.3, Sec. 2, Xianmin Blvd.;
1109;板橋地政事務所;52;30;板橋區;25.007983;121.463387;實踐路5號對面;Banqiao Dist.;Banqiao Land Office;No.5, Shijian Rd. (opposite);
1110;板橋戶政事務所;44;27;板橋區;25.012839;121.456308;中正路6號前人行道;Banqiao Dist.;Banqiao District Household Registration Office;No.6, Zhongzheng Rd.;
1111;板橋和平公園;40;8;板橋區;24.997679;121.464326;重慶路355號前廣場;Banqiao Dist.;Banqiao Heping Park;No.355, Chongqing Rd.;
1112;碧華公園;28;18;三重區;25.083741;121.487491;溪尾街303號(對面公園);Sanchong Dist.;Bihua Park;No.303, Xiwei St. (opposite);
1113;五福里(五華街);52;11;三重區;25.081725;121.493902;五華街64號對面人行道(碧華國中旁);Sanchong Dist.;Wufu Village (Wuhua St.);No.64, Wuhua St. (opposite);
1114;同安公園;40;20;三重區;25.057320;121.499067;正義南路/同安東街(正義南路側公園廣場);Sanchong Dist.;Tong An Park;Zhengyi S. Rd./Tong’an E. St.;
1115;中華里(中華路二段);38;12;新莊區;25.045951;121.453766;中華路2段31號對面;Xinzhuang Dist.;Zhonghua Village (Zhonghua Rd. Sec. 2 );No.31, Sec. 2, Zhonghua Rd. (opposite);
1116;中華自治街口;36;1;新莊區;25.047855;121.453202;中華路2段/自治街口人行道(中港大排東側);Xinzhuang Dist.;Zhonghua & Zizhi Intersection;Sec. 2, Zhonghua Rd/Zizhi St.;
1117;捷運府中站(3號出口);42;27;板橋區;25.008999;121.458776;府中路31號至53號對面;Banqiao Dist.;MRT Fuzhong Sta.(Exit.3);;
1118;捷運亞東醫院站(2號出口);52;0;板橋區;24.997830;121.452315;南雅南路二段122-23號‎前人行道;Banqiao Dist.;MRT Far Eastern Hospital Sta.(Exit.2);No.122-23, Sec. 2, Nanya S. Rd.;
1119;新泰公園;42;10;新莊區;25.037200;121.444946;建中街116巷/建中街116巷3弄;Xinzhuang Dist.;Xintai Park;Ln. 116, Jianzhong St./Aly. 3, Ln. 116, Jianzhong St.;
1120;上林里(環河東路一段);38;0;永和區;25.014999;121.520951;環河東路一段/竹林路75巷25弄;Yonghe Dist.;Shanglin Village (Huanhe E. Rd. Sec. 1 );Sec. 1, Huanhe E. Rd./Aly. 25, Ln. 75, Zhulin Rd.;
1121;進安公園;34;5;三重區;25.086031;121.493774;仁義街258號至290號;Sanchong Dist.;Jinan Park;No.258 to No.290, Renyi St.;
1122;自強溪尾街口;40;7;三重區;25.078153;121.489894;自強路4段/溪尾街;Sanchong Dist.;Ziqiang & Xiwei Intersection;Sec. 4, Ziqiang Rd./Xiwei St.;
1123;捷運三重國小站;54;9;三重區;25.070418;121.497126;仁愛街/三和路3段11巷;Sanchong Dist.;MRT Sanchong Elementary School Sta.;Ren’ai St./Ln. 11, Sec. 3, Sanhe Rd.;
1124;五堵火車站;50;23;汐止區;25.077493;121.666869;鄉長路一段人行道側;Xizhi Dist.;Wudu Railway Station;Sec. 1, Xiangzhang Rd.;
1125;捷運南勢角站1號出口;70;8;中和區;24.990804;121.506978;捷運路131號至141號對面;Zhonghe Dist.;MRT Nanshijiao Sta.(Exit 1);No.131 to No.141, Jieyun Rd.;
1126;柳堤公園;42;12;蘆洲區;25.087989;121.462192;長樂路125號對面公園通道;Luzhou Dist.;Liuti Park;No.125, Changle Rd. (opposite);
1127;新北市立圖書館總館;36;15;板橋區;25.001583;121.455524;貴興路119巷;Banqiao Dist.;New Taipei City Library;Ln. 119, Guixing Rd.;
1128;永福國小;36;9;三重區;25.077714;121.480315;永福街/下竹圍街;Sanchong Dist.;Yongfu St./Xiazhuwei St.;Yongfu St./Xiazhuwei St.;
1129;明志國小;46;27;泰山區;25.045729;121.426269;明志路二段324號對面人行道;Taishan Dist.;Mingzhi Elementary School;No.324, Sec. 2, Mingzhi Rd. (opposite);
1131;臺北醫院;36;25;新莊區;25.043536;121.459772;思源路131號至137號前人行道;Xinzhuang Dist.;Taipei Hospital;No.131 to No.137, Siyuan Rd.;
1132;重新重安街口;36;14;三重區;25.058443;121.489751;重新路三段/重安街;Sanchong Dist.;Chongxi & Chongan Intersection;Sec. 3, Chongxin Rd./Chong’an St.;
1133;柴埕市民活動中心;38;11;新店區;24.966775;121.516479;安民街/安民街65巷;Xindian Dist.;Chaicheng Civic Activity Center;Anmin St./Ln. 65, Anmin St.;
1134;思賢國小;52;27;新莊區;25.046446;121.457716;福樂街66號對面;Xinzhuang Dist.;Si Xian Elementary School;No.66, Fule St. (opposite);
1135;莊敬公園;38;10;板橋區;25.020983;121.470821;萬板路/民生路二段;Banqiao Dist.;Zhuangjing Park;Wanban Rd./Sec. 2, Minsheng Rd.;
1136;豐年國小;34;11;新莊區;25.031278;121.443230;瓊泰路161號對面人行道;Xinzhuang Dist.;Feng-Nian Elementary School;No.161, Qiongtai Rd. (opposite);
1137;新海長江路口;36;8;板橋區;25.02853;121.457367;長江路一段/新海路;Banqiao Dist.;Xinhai & Changjiang Intersection;Sec. 1, Changjiang Rd./Xinhai Rd.;
1138;捷運新埔站(4號出口);50;4;板橋區;25.023491;121.468559;民生路二段250號前人行道;Banqiao Dist.;MRT Xinpu Sta.(Exit.4);No.250, Sec. 2, Minsheng Rd.;
1139;板橋仁愛公園;34;10;板橋區;24.996430;121.459696;國慶路49巷23號對面;Banqiao Dist.;Banqiao Renai Park;Aly. 23, Ln. 49, Guoqing Rd. (opposite);
1140;泰山國小;32;10;泰山區;25.062345;121.431475;泰林路2段257號旁人行道;Taishan Dist.;Taishan Elementary School;No.257, Sec. 2, Tailin Rd.;
1142;光華東帝士;40;12;新莊區;25.010795;121.427836;民安西路370號至376號前;Xinzhuang Dist.;Guanghua dongdishi;No.376 to No.376, Min’an W. Rd.;
1143;廣福公園;38;6;板橋區;24.991643;121.462872;廣權路/廣和街;Banqiao Dist.;Guangfu Park;Guangquan Rd./Guanghe St.;
1144;板橋四維公園;54;6;板橋區;25.025464;121.462633;陽明街251號至259號對面人行道;Banqiao Dist.;Banqiao Siwei Park;No.251 to No.259, Yangming St. (opposite);
1145;捷運頂埔站(2號出口);60;24;土城區;24.959276;121.419008;中央路四段74號至76號對面人行道;Tucheng Dist.;MRT Dingpu Sta.(Exit.2);No.74 to No.76, Sec. 4, Zhongyang Rd. (opposite);
1146;龍門龍濱路口;36;2;三重區;25.073475;121.500977;龍濱路192號對面;Sanchong Dist.;Longmen & Longbin Intersection;No.192, Longbin Rd. (opposite);
1147;青潭國小;40;17;新店區;24.953101;121.551813;北宜路2段149號對面;Xindian Dist.;Qing-Tan Elementary School;No.149, Sec. 2, Beiyi Rd. (opposite);
1148;金城忠義路口;34;4;土城區;24.969399;121.440808;金城路一段/忠義路;Tucheng Dist.;Jincheng Zhongyi Intersection;Sec. 1, Jincheng Rd./Zhongyi Rd.;
1149;華德公園;38;5;板橋區;24.991683;121.453320;四川路二段245巷60號對面;Banqiao Dist.;Huade Park;No.60, Ln. 245, Sec. 2, Sichuan Rd.;
1150;橋東里(忠孝東路);40;8;汐止區;25.073682;121.666257;忠孝東路484號至488號前;Xizhi Dist.;Qiaodong Village (Zhongxiao E. Rd.);No.484 to No.488, Zhongxiao E. Rd.;
1151;中山國中;38;8;板橋區;25.018559;121.467509;文化路一段188巷56號;Banqiao Dist.;Zhong Shan Junior High School;No.56, Ln. 188, Sec. 1, Wenhua Rd.;
1152;捷運土城站(2號出口);52;19;土城區;24.972631;121.443563;金城路1段/和平路;Tucheng Dist.;MRT Tucheng Sta.(Exit 2);Sec. 1, Jincheng Rd./Heping Rd.;
1153;四川遠東路口;48;8;板橋區;24.998003;121.457355;遠東路5號前人行道(四川路側);Banqiao Dist.;Sichuan & Yuandong Intersection;No.5, Yuandong Rd.;
1154;員林社區公園;42;3;土城區;24.977883;121.443237;員林街12巷對面;Tucheng Dist.;Yuanlin Community Park;Ln. 12, Yuanlin St. (opposite);
1155;中正橋;30;1;永和區;25.017757;121.516809;環河東路一段/光復街;Yonghe Dist.;Zhongzheng Bridge;Sec. 1, Huanhe E. Rd./Guangfu St.;
1156;北港國小;44;17;汐止區;25.089027;121.645946;汐萬路二段279號;Xizhi Dist.;Beigang Elementary School;No.279, Sec. 2, Xiwan Rd.;
1157;捷運新店站;54;16;新店區;24.958605;121.538659;中興路一段34號前(高架橋下停車場);Xindian Dist.;MRT Xindian Sta.;No.34, Sec. 1, Zhongxing Rd.;
1158;錦和運動公園;36;6;中和區;24.992086;121.490671;錦和路163號;Zhonghe Dist.;Jinhe Sports Park;No.163, Jinhe Rd.;
1159;新樹公園;32;8;新莊區;25.003383;121.433154;新樹路627號對面;Xinzhuang Dist.;Xinshu Park;No.627, Xinshu Rd. (opposite);
1160;中和環球購物中心;40;24;中和區;25.006367;121.474223;中山路三段130號;Zhonghe Dist.;Zhonghe Global Mall;No.130, Sec. 3, Zhongshan Rd.;
1161;楓樹腳公園;36;8;泰山區;25.061938;121.434939;楓江路26巷26號前人行道;Taishan Dist.;Fengshujiao Park;No.26, Ln. 26, Fengjiang Rd.;
1162;厚德公園;36;5;三重區;25.071988;121.491200;忠孝路一段37號;Sanchong Dist.;Houde Park;No.37, Sec. 1, Zhongxiao Rd.;
1163;板橋信義公園;40;8;板橋區;24.996183;121.456476;四川路二段6號對面;Banqiao Dist.;Banqiao Xinyi Park;No.6, Sec. 2, Sichuan Rd. (opposite);
1164;國光里(國光路);34;5;板橋區;25.017755;121.458308;國光路76號旁;Banqiao Dist.;Guoguang Village (Guoguang Rd.);No.76, Guoguang Rd.;
1165;民生長江路口;36;2;板橋區;25.030904;121.463596;民生路三段/長江路一段(64高架橋下方);Banqiao Dist.;Minsheng & Changjiang Intersection;Sec. 3, Minsheng Rd./Sec. 1, Changjiang Rd.;
1166;華福市民活動中心;36;7;中和區;24.995482;121.467525;民德路296號對面停車格位;Zhonghe Dist.;Huafu Civil Activity Center;No.296, Minde Rd. (opposite);
1167;浮洲合宜住宅(合安一路);34;17;板橋區;24.999329;121.446343;合安一路/大觀路二段153巷;Banqiao Dist.;Fujhou Appropriate House ( He-an 1st. Road );1st Rd./Ln. 153, Sec. 2, Daguan Rd.;
1168;建福公園;38;21;新莊區;25.027694;121.426685;建福路/建福路49巷;Xinzhuang Dist.;Jianfu Park;Jianfu Rd./Ln. 49, Jianfu Rd.;
1169;水河里活動中心;52;20;蘆洲區;25.093949;121.473913;民族路408巷/復興路323巷;Luzhou Dist.;Shuei He Village Activity Center;Ln. 408, Minzu Rd./Ln. 323, Fuxing Rd.;
1170;金城延和路口;38;15;土城區;24.989155;121.470454;金城路三段/延和路(土城台電變電站);Tucheng Dist.;Jincheng & Yanhe Intersection;Sec. 3, Jincheng Rd./Yanhe Rd.;
1171;國光公園;36;6;板橋區;25.019828;121.453852;中正路325巷/中正路341巷;Banqiao Dist.;Guoguang Park;Ln. 325, Zhongzheng Rd./Ln. 341, Zhongzheng Rd.;
1172;樹林火車站(後站);52;29;樹林區;24.992553;121.424652;後站街6巷11號對面;Shulin Dist.;Shulin Railway Rear Station;No.11, Ln. 6, Houzhan St. (opposite);
1173;文林國小;32;21;樹林區;24.997856;121.426360;千歲街59號;Shulin Dist.;Wenlin Elementary School;No.59, Qiansui St.;
1174;土城綜合體育場;44;3;土城區;24.983671;121.454211;裕民路195巷旁;Tucheng Dist.;Tucheng Sports Field;Ln. 195, Yumin Rd.;
1175;板橋福德公園;32;3;板橋區;25.011498;121.467415;新站路1號對面;Banqiao Dist.;Banqiao Fude Park;No.1, Xinzhan Rd. (opposite);
1176;光華公園;32;12;樹林區;25.005412;121.413157;保安街2段259號對面;Shulin Dist.;Guanghua Park;No.259, Sec. 2, Bao’an St. (opposite);
1177;樹林大安活動中心;36;6;樹林區;24.986391;121.414770;備前街/復興路372巷口;Shulin Dist.;Shulin Da'an Activity Center;Beiqian St./Ln. 372, Fuxing Rd.;
1178;三民中山一路口;36;1;蘆洲區;25.082229;121.476004;三民路8號前;Luzhou Dist.;Sanmin & Zhongshan 1st Rd. Intersection;No.8, Sanmin Rd.;
1179;義學國小;34;1;泰山區;25.051762;121.431669;民生路33號對面人行道;Taishan Dist.;Yixue Elementary School;No.33, Minsheng Rd. (opposite);
1180;自然公園;34;3;三重區;25.089840;121.487987;如意街/集賢路口;Sanchong Dist.;Natural Park;Ruyi St./Jixian Rd.;
1181;板林溪北路口;46;11;板橋區;24.990555;121.426350;板林路/溪北路;Banqiao Dist.;Banlin & Xibei Intersection;Banlin Rd./Xibei Rd.;
1182;新北市藝文中心;42;3;板橋區;25.026542;121.472279;莊敬路/文化路2段182巷;Banqiao Dist.;New Taipei City Art Center;Zhuangjing Rd./Ln. 182, Sec. 2, Wenhua Rd.;
1183;大安中央路口;32;19;土城區;24.965619;121.432610;大安路/中央路三段;Tucheng Dist.;Da'an & Zhongyang Intersection;Da’an Rd./Sec. 3, Zhongyang Rd.;
1184;中和地政事務所;28;5;中和區;24.990393;121.502397;復興路280號;Zhonghe Dist.;Zhonghe Land Office;No.280, Fuxing Rd.;
1185;華夏科技大學;42;16;中和區;24.980672;121.507652;工專路111號;Zhonghe Dist.;Hwa Hsia University of Technology;No.111, Gongzhuan Rd.;
1186;同興公園;34;3;泰山區;25.055188;121.432128;仁義路15號對面;Taishan Dist.;Tongxing Park;No.15, Renyi Rd. (opposite);
1187;新五泰國民運動中心;30;10;泰山區;25.055865;121.434262;全興路214號對面;Taishan Dist.;Xinwutai  Civil Sports Center;No.214, Quanxing Rd. (opposite);
1188;溪洲公園停車場;36;1;板橋區;24.986723;121.426820;溪崑二街145號;Banqiao Dist.;Xizhou Park;No.145, Xikun 2nd St.;
1189;崑崙公園;38;8;板橋區;24.993406;121.429636;大觀路三段212巷70號對面;Banqiao Dist.;Kunlun Park;No.70, Aly. 212, Sec. 3, Daguan Rd. (opposite);
1190;捷運海山站(3號出口);40;9;土城區;24.986923;121.449335;土城區海山路46號對面機車格位;Tucheng Dist.;MRT Haishan Sta.(Exit 3);No.46, Haishan Rd. (opposite);
1191;興化公園;38;28;新莊區;25.065234;121.461115;五工二路/五工三路50巷;Xinzhuang Dist.;Xinhua Park;Wugong 2nd Rd./Ln. 50, Wugong 3rd Rd.;
1192;潤泰社區;36;30;板橋區;25.017953;121.479375;板橋區三民路二段35巷口;Banqiao Dist.;Runtai Community;Ln. 35, Sec. 2, Sanmin Rd.;
1194;秀朗成功路口;40;0;中和區;24.995821;121.526550;秀朗路三段 / 成功路二段;Zhonghe Dist.;Xiulang & Chenggong Intersection;Sec. 3, Xiulang Rd./Sec. 2, Chenggong Rd.;
1195;板橋國中;54;13;板橋區;25.024903;121.454310;中正路441號前人行道;Banqiao Dist.;Banqiao Junior High School;No.441, Zhongzheng Rd.;
1196;永豐公園活動中心;32;5;板橋區;25.021127;121.476853;板橋區永豐街221號;Banqiao Dist.;Yongfeng  Park Activity Center;No.221, Yongfeng St.;
1197;義仁市民活動中心;36;5;泰山區;25.050479;121.427667;新北市泰山區明志路二段177號;Taishan Dist.;Yiren civil activity center;No.177, Sec. 2, Mingzhi Rd.;
1198;鶯歌國中;34;8;鶯歌區;24.951734;121.342963;建國路420號對面人行道;Yingge Dist.;Yingge Junior High School;No.420, Jianguo Rd.(opposite);
1199;捷運迴龍站(3號出口);60;26;新莊區;25.022760;121.413053;中正路/中正路746巷;Xinzhuang Dist.;MRT Huilong Sta.(Exit 3);Zhongzheng Rd./Ln. 746, Zhongzheng Rd.;
1200;捷運先嗇宮站(2號出口);50;15;三重區;25.046068;121.470987;重新路五段515號;Sanchong Dist.;MRT Xianse Temple Sta.(Exit.2);No.515, Sec. 5, Chongxin Rd.;
1201;鶯歌火車站(仁愛路);58;35;鶯歌區;24.955591;121.354376;仁愛路55號對側人行道;Yingge Dist.;Yingge Railway Station(Ren’ai  Rd.);No.55, Ren’ai Rd., Yingge Dist.(opposite);
1202;建國育英路口;50;16;鶯歌區;24.952761;121.347193;鶯歌區建國路/育英街口機車停車場內;Yingge Dist.;Chienkuo & Yuying Intersection;Jianguo Rd./Yuying St.;
1203;鶯歌陶瓷老街;44;28;鶯歌區;24.952226;121.351035;鶯歌區尖山埔路/國慶街(停車場內);Yingge Dist.;Yingge ceramics old street;Jianshanpu Rd./Guoqing St.;
1204;立泰里(中環路二段);40;7;新莊區;25.045676;121.442133;新莊區中環路二段423號(對面橋下);Xinzhuang Dist.;Litai Village(Zhonghuan Rd. Sec. 2);No.423, Sec. 2, Zhonghuan Rd.(opposite);
1206;新北市立鶯歌陶瓷博物館;40;24;鶯歌區;24.949549;121.352832;鶯歌區文化路407號;Yingge Dist.;New Taipei City Yingge Ceramics  Museum;No.407, Wenhua Rd.;
1208;尖山公園;44;16;鶯歌區;24.948220;121.345767;鶯歌區尖山路161號對面;Yingge Dist.;Jianshan Park;No.161, Jianshan Rd.(opposite);
1210;樹林區衛生所;38;17;樹林區;24.983768;121.415032;新北市樹林區中山路二段80-1號對面機車停車格;Shulin Dist.;Shulin District Public Health Center;No.80-1, Sec. 2, Zhongshan Rd.(opposite);
1211;溪墘公園;36;16;蘆洲區;25.079969;121.476205;信義路73巷2號對面公園人行道;Luzhou Dist.;Si Cian Park;No.2, Ln. 73, Xinyi Rd.(oppsite);
1212;育德國小;34;13;樹林區;24.970656;121.392602;育德街13號對面人行道;Shulin Dist.;Yude Elementary School;No.13, Yude St.(oppsite);
1213;彭福國小;40;18;樹林區;24.980335;121.423104;國凱街130號對面;Shulin Dist.;Pengfu Elementary School;No.130, Guokai St.(oppsite);
1214;民享藝文特區;36;4;中和區;25.003435;121.475345;民治街120號對面人行道;Zhonghe Dist.;Minxiang Art Zone;No.120, Minzhi St.(oppsite);
1215;億光電子(樹林高中);40;9;樹林區;24.983567;121.423601;中華路 / 樹中二街口(學校側門對面人行道);Shulin Dist.;Everlight Electronics Co.,Ltd (Shulin Senior High School);Zhonghua Rd./Shuzhong 2nd St.(oppsite);
1216;捷運永寧站(2號出口);44;27;土城區;24.965783;121.436227;承天路11號對面;Tucheng Dist.;MRT Yungning Sta.(EXIT 2);No.11, Chengtian Rd.(oppsite);
1218;長壽親子公園;38;3;樹林區;24.991853;121.421371;樹德街35號對面(公園內縮空間);Shulin Dist.;Changshou Parent-child Park;No.35, Shude St.(oppsite);
1219;新市國小;36;10;淡水區;25.185313;121.444332;中山北路二段189巷2號對面人行道(新市國小);Tamsui Dist.;Xinshi Elementary School;No.2, Ln. 189, Sec. 2, Zhongshan N. Rd.(oppsite);
1220;新北市立圖書館鶯歌分館;36;15;鶯歌區;24.957195;121.349704;中山路150號(圖書館內停車場);Yingge Dist.;New Taipei City Library Yingge Branch;No.150, Zhongshan Rd.;
1221;德音國小;36;17;五股區;25.071515;121.435670;明德路2號(德音國小成泰路路側人行道);Wugu Dist.;Teyin Elementery School;No.2, Mingde Rd.(oppsite);
1222;中山北新春街口;40;5;淡水區;25.180345;121.444742;中山北路一段/新春街(東南側)(公園籃球場前人行道);Tamsui Dist.;Zhongshan North & Xinchun Intersection;Sec. 1, Zhongshan N. Rd./Xinchun St.;
1223;正德國中;44;2;淡水區;25.178512;121.447874;北新路116號對面人行道(正德國中);Tamsui Dist.;Zhengde Junior High School;No.116, Beixin Rd.(oppsite);
1224;金城立體停車場;42;3;土城區;24.984102;121.458595;金城路2段266號;Tucheng Dist.;Jincheng Parking Lot;No.266, Sec. 2, Jincheng Rd.;
1225;先嗇宮;40;28;三重區;25.051190;121.476007;五谷王北街77號(後方停車場旁人行道);Sanchong Dist.;Xianse Temple;No.77, Wuguwang N. St.;
1227;光興國小;36;2;三重區;25.060339;121.500103;光興街/文化南路口(西南側)(光興街路側);Sanchong Dist.;Guangxing Elementary School;Guangxing St./Wenhua S. Rd.;
1229;景安板南路口;30;0;中和區;24.992249;121.504443;景安路與板南路口(西南側三角公園);Zhonghe Dist.;Jing’an / Bannan Intersection;Jing’an Rd./Bannan Rd.;
1230;新月橋;50;1;新莊區;25.032300;121.450011;瓊林路1號旁(碧江公園旁);Xinzhuang Dist.;Crescent Bridge;No.1, Qionglin Rd.;
1231;修德國小;42;11;三重區;25.065295;121.490450;民生街74號對面人行道;Sanchong Dist.;Sioude Elementary School;No.74, Minsheng St.(oppsite);
1234;鴨母港抽水站;40;0;蘆洲區;25.082935;121.456728;永安南路二段334號(對面人行道);Luzhou Dist.;Yamugang Pumping Station;No.334, Sec. 2, Yong’an S. Rd.;
1235;捷運淡水站;106;52;淡水區;25.168826;121.444183;淡水區公明街73巷6號前(淡水老街廣場);Tamsui Dist.;MRT Tamsui Station;No.6, Ln. 73, Gongming St.;
1236;安成安德街口;36;4;新店區;24.961147;121.509988;安成街26號至36號對面;Xindian Dist.;Ancheng & Ande Intersection;No.26 ~ No.36, Ancheng St.(oppsite);
1238;捷運竹圍站;46;7;淡水區;25.137658;121.460112;民權路105號-115號前人行道;Tamsui Dist.;MRT Zhuwei Station;No.105 ~ No.115, Minquan Rd.;
0001;捷運市政府站(3號出口);180;135;信義區;25.0408578889;121.567904444;忠孝東路/松仁路(東南側);Xinyi Dist.;MRT Taipei City Hall Stataion(Exit 3)-2;The S.W. side of Road Zhongxiao East Road & Road Chung Yan.;
0002;捷運國父紀念館站(2號出口);48;3;大安區;25.041;121.556945;忠孝東路四段/光復南路口(西南側);Daan Dist.;MRT S.Y.S Memorial Hall Stataion(Exit 2.);Sec,4. Zhongxiao E.Rd/GuangFu S. Rd;
0003;台北市政府;40;26;信義區;25.0377972222;121.565169444;台北市政府東門(松智路);Xinyi Dist.;Taipei City Hall;Taipei City Government Eastgate (Song Zhi Road);
0004;市民廣場;60;45;信義區;25.0360361111;121.562325;市府路/松壽路(西北側);Xinyi Dist.;Citizen Square;The N.W. side of Road Shifu & Road Song Shou.;
0005;興雅國中;60;46;信義區;25.0365638889;121.5686639;松仁路/松仁路95巷(東南側);Xinyi Dist.;Xingya Jr. High School;;
0006;世貿二館;80;54;信義區;25.0347361111;121.565658333;松智路/松廉路(東北側);Xinyi Dist.;TWTC Exhibition Hall 2;The N.E. side of Road Song Zhi & Road Song Lian.;
0007;信義廣場(台北101);80;73;信義區;25.0330388889;121.565619444;松智路/信義路(東北側);Xinyi Dist.;Xinyi Square(Taipei 101);The N.E. side of Road Song Zhi & Road Xinyi.;
0008;世貿三館;60;31;信義區;25.0352138889;121.563688889;市府路/松壽路(東南側);Xinyi Dist.;TWTC Exhibition Hall 3;The S.E. side of Road Shifu & Road Song Shou.;
0009;松德站;40;17;信義區;25.03159;121.574353;台北市信義區松德路300號;Xinyi Dist.;Songde;No.300, Songde Rd.(32);
0010;台北市災害應變中心;54;9;信義區;25.0286611111;121.566116667;台北市信義區莊敬路391巷11弄2號;Xinyi Dist.;Emergency Operations Center of Taipei City;No.2, Aly. 11, Ln. 391, Zhuangjing Rd.;
0011;三張犁;66;17;信義區;25.034937;121.55762;光復南路/基隆路一段364巷;Xinyi Dist.;Sanchangli;The S.E. side of Road Guangfu South & Ln. 346, Sec. 1, Keelung Rd.;
0012;臺北醫學大學;34;0;信義區;25.026679;121.561747;台北醫學大學(吳興街220巷59弄);Xinyi Dist.;Taipei Medical University;Aly. 59, Ln. 220, Wuxing St.;
0013;福德公園;66;0;信義區;25.03809;121.58367;大道路/福德街路口北西側;Xinyi Dist.;Fude Park;The N.W. side of Road Dadao & St. Fude.;
0014;榮星花園;32;15;中山區;25.06424;121.54037;五常街/龍江路口(西南側);Zhongshan Dist.;Rongxing Park;The S.W. side of St.Wuchang & Road Longjiang.;
0015;饒河夜市;60;4;松山區;25.049845;121.571885;八德路/松信路(西南側);Songshan Dist.;Raohe Night Market;The S.W. side of Road Bade & Road SongXiny.;
0016;松山家商;48;18;信義區;25.036084;121.579135;林口街/福德街(南東側);Xinyi Dist.;Songshan Vocational High School;The S.E. side of St. Linkou & St. Fude.;
0017;民生光復路口;34;11;松山區;25.05840;121.55504;光復北路/民生東路(西北側);Songshan Dist.;Minsheng & Guangfu Intersection;The N.W. side of Road Guangfu S & Road Minsheng E.;
0018;社教館;38;11;松山區;25.048268;121.552278;八德路三段25號前;Songshan Dist.;Taipei Cultural Center;No.25, Sec. 3, Bade Rd.;
0019;中強公園;30;6;信義區;25.02863;121.56981;松仁路153巷17號對面;Xinyi Dist.;Zhongqiang Park;No.17, Ln. 153, Songren Rd;
0020;捷運科技大樓站;78;13;大安區;25.025896;121.543293;科技大樓站對面(復興南路2段西側);Daan Dist.;MRT Technology Bldg. Sta.;No.235, Sec. 2, Fusing S. Rd.;
0021;民生敦化路口;66;36;松山區;25.057985;121.548982;敦化民生路口公車站旁;Songshan Dist.;Minsheng & Dunhua Intersection;The side of bus stop- Dunhua Minsheng Intersection.;
0022;松山車站;44;1;松山區;25.048616;121.578095;松山車站西出口外自行車格內;Songshan Dist.;Songshan Rail Sta.;Bicycle parking lot- West exit in Songshan station;
0023;東新國小;32;2;南港區;25.055074;121.602798;東新國小側門(東明街62號前);Nangang Dist.;Dongxin Elementary School;A side entrance of Dongxin Elementery School(front of No. 62, Dongxin St.);
0024;信義建國路口;46;25;大安區;25.032981;121.537328;信義路三段/建國南路二段(西南側);Daan Dist.;Xinyi & Jianguo Intersection;The N.S. side of Lianyun St. & Sec. 2, Xinyi Rd.;
0025;永吉松信路口;30;2;信義區;25.04543;121.57205;松信路/永吉路南西側人行道;Xinyi Dist.;Yongji & Songxin Intersection;The sidewalk- the S.W. side of Songxin Rd. & Yongji Rd.;
0026;捷運昆陽站(1號出口);42;7;南港區;25.050142;121.592375;捷運昆陽站1號出口外停車場旁;Nangang Dist.;MRT Kunyang Sta. (Exit 1);The side of parking lots in the MRT Kunyang station (exit 1);
0027;捷運南港展覽館站(5號出口);26;13;南港區;25.05469;121.61669;研究院路/市民大道(東北側);Nangang Dist.;MRT Nangang Exhibition Center Sta. (Exit 5);The N.E side of Academia Rd. & Shihmin Blvd.;
0028;五常公園;36;2;信義區;25.04814;121.57467;松隆路/虎林街30巷口(西南側);Xinyi Dist.;Wuchang Park;The S.W side of Songlong Rd. & Hulin St.;
0029;金山愛國路口;54;20;大安區;25.03164;121.52655;愛國東路/金山南路(西南側);Daan Dist.;Jinshan & Aiguo Intersection;The S.W side of Aiguo St. & Jinshan Rd.;
0030;基隆長興路口;74;1;大安區;25.017054;121.544352;基隆路/長興街(東南側);Daan Dist.;Keelung & Changxing Intersection;The S.W side of Keelung Rd. & Changsing St.;
0031;辛亥新生路口;30;0;大安區;25.022413;121.53456;辛亥路/新生南路(高架橋下);Daan Dist.;Xinhai & Xinsheng Intersection;Under the bridge- Sinhai Rd. & Shinsheng S. Rd.;
0032;捷運六張犁站;30;1;大安區;25.023884;121.553161;捷運出口外和平東路側;Daan Dist.;MRT Liuzhangli Sta.;The outside of the MRT exit and the side of Heping E. Rd.;
0033;中崙高中;46;13;松山區;25.04878;121.56087;八德路四段91巷(中崙高中)旁;Songshan Dist.;Zhonglun High School;The side of Ln. 91, Sec. 4, Bade Rd. ( beside Zhong-Lun High School);
0034;捷運行天宮站(1號出口);32;7;中山區;25.058369;121.532934;捷運行天宮1號出口後方(松江路側);Zhongshan Dist.;MRT Xingtian Temple Sta. (Exit 1);The side of Songjiang Rd.(the exit 1 of the MRT station of Xingtian Temple);
0035;捷運行天宮站(3號出口);30;0;中山區;25.059978;121.533302;捷運行天宮站3號出口站外;Zhongshan Dist.;MRT Xingtian Temple Sta. (Exit 3);The outside of the MRT station of Xingtian Temple.;
0036;臺大資訊大樓;72;27;大安區;25.02101;121.54153;辛亥路二段(臺大外語學院外);Daan Dist.;NTU Information Bldg.;Sec. 2, Xinghai Rd. (the outside ofLanguage Center of National Taiwan University);
0037;捷運東門站(4號出口);46;17;大安區;25.033700;121.529166;信義路/麗水街口;Daan Dist.;MRT Dongmen Sta. (Exit 4);Ren’ai Rd. & Lishuei St.;
0038;臺灣師範大學(圖書館);34;16;大安區;25.02665;121.52889;和平東路/師大路口(北側);Daan Dist.;NTNU Library;The N. side of Heping E. Rd. & Shihda Rd.;
0039;南港世貿公園;26;15;南港區;25.058;121.61422;三重路/經貿二路88巷(東北側);Nangang Dist.;Nangang Park;The N.E. side of Sanchong Rd. & Ln. 88, Jingmao 2nd Rd.;
0040;玉成公園;34;0;南港區;25.04287;121.58640;玉成街247號前;Nangang Dist.;Yucheng Park;The front of No. 247, Yucheng St.;
0041;中研公園;30;14;南港區;25.047425;121.613706;研究院路二段12巷/研究院路二段12巷58弄(西南側);Nangang Dist.;Academia Park;The S.W side of Ln. 12, Sec. 2, Academia Rd. & Aly. 58, Ln. 12, Sec. 2, Academia Rd.;
0042;捷運後山埤站(1號出口);38;9;南港區;25.04431;121.58174;中坡北路/忠孝東路五段(西北側);Nangang Dist.;MRT Houshanpi Sta.(Exit 1);The S.W side of Jhongsiao E. Rd. & Jhongpo N. Rd.;
0043;凌雲市場;36;20;南港區;25.035639;121.614154;研究院路三段68巷/凌雲街(東北側);Nangang Dist.;Linyun Market;The N.E. side of St. Lingyun & Academia Rd.;
0044;捷運南港軟體園區站(2號出口);36;9;南港區;25.05973;121.616187;捷運南港軟體園區站2號出口外;Nangang Dist.;MRT Nangang Software Park Sta.(Exit 2);The outside of the MRT station exit 2 of Taipei Nangang Exhibition Center;
0045;捷運公館站(2號出口);30;7;大安區;25.01476;121.534538;羅斯福路四段/舟山路(東北側);Daan Dist.;MRT Gongguan Sta.(Exit 2);The N.W. side of Roosevelt Rd.& Sinhai Rd.;
0046;南港國小;44;28;南港區;25.05646;121.611027;惠民街/興東街(南側停車場);Nangang Dist.;Nangang Elementary School;The opposite of parking lots of exit Singdong St. (Nan-Gang Elementary School);
0047;捷運忠孝新生(3號出口);40;8;大安區;25.041924;121.533862;捷運忠孝新生(3號出口);Daan Dist.;MRT Zhongxiao Xinsheng Sta.(Exit 3);The intersection of Sec. 3, Zhongxiao E. Rd. & Ln. 10, Sec. 3, Zhongxiao E. Rd.;
0048;南港車站;38;19;南港區;25.05247;121.608202;忠孝東路七段與忠孝東路七段415巷交叉口;Nangang Dist.;Nangang Rail Sta.;The intersection of Sec. 7, Zhongxiao E. Rd. & Ln. 415, Sec. 7, Zhongxiao E. Rd;
0049;龍門廣場;52;6;大安區;25.040901;121.548252;忠孝東路/敦化南路(西南側廣場）;Daan Dist.;Longmen Square;Sec. 1, Dunhua S. Rd. & Ln. 236, Sec. 1, Dunhua S. Rd.;
0050;民權運動公園;52;22;松山區;25.062002;121.560186;民權東路四段/新中街交叉口;Songshan Dist.;MinQuan Park;The intersection of Sec. 4, Mincyuan E. Rd. & Xinzhong St.;
0051;建國農安街口;44;24;中山區;25.065031;121.536775;建國北路/農安街口(中油旁邊空地);Zhongshan Dist.;Jianguo & Nongan Intersection;(Behind empty area of CPC coporation) Jianguo N. Rd. & Nong’an St.;
0052;建國長春路口;30;7;中山區;25.054761;121.536925;建國北路/長春路口(北側);Zhongshan Dist.;Jianguo & Changchun Intersection;The N. side of Jianguo N. Rd. & Changchun Rd.;
0053;八德市場;26;5;中山區;25.044781;121.536609;建國南路一段/市民大道交叉口(北側);Zhongshan Dist.;Bade Market;The intersection of Sec.1, Jianguo S. Rd. & Civic Blvd.;
0054;臺北市立圖書館(總館);30;16;大安區;25.028798;121.538073;建國南路二段/建國南路二段151巷(東北側);Daan Dist.;Taipei Public Library;The N.E. side of Sec. 2, Jianguo S. Rd. & Ln. 151, Sec. 2, Jianguo S. Rd.;
0055;臺北田徑場;46;12;松山區;25.049505;121.549408;敦化北路3號;Songshan Dist.;Taipei Stadium;No.3, Dunhua N. Rd.;
0056;仁愛林森路口;42;10;中正區;25.038954;121.522334;林森南路/仁愛路一段路口(東北側);Zhongzheng Dist.;Renai & Linsen Intersection;The N.E. side of Linsen S. Rd & Sec. 1, Ren’ai Rd.(42);
0057;新生和平路口;46;11;大安區;25.026217;121.53519;新生南路二段/和平東路二段(東北側);Daan Dist.;Xinsheng & Heping Intersection;The N.E. side of Sec. 2, Xinsheng S. Rd. & Sec. 2, Heping E. Rd;
0058;捷運善導寺站(1號出口);48;11;中正區;25.045267;121.522200;天津街/忠孝東路一段(東北側);Zhongzheng Dist.;MRT Shandao Temple Sta(Exit 1);The N.E. side of Tianjin St. & Sec. 1, Zhongxiao E. Rd.;
0059;林森公園;32;1;中山區;25.052227;121.525805;林森北路/南京東路一段;Zhongshan Dist.;Linsen Park;Linsen N. Rd. & Sec. 1, Nanjing E. Rd.;
0060;中山行政中心;30;0;中山區;25.064317;121.533487;松江路/農安街口;Zhongshan Dist.;Zhongshan Dist. Admin. Office;Songjiang Rd. & Nong’an St.;
0061;台灣科技大學;46;23;大安區;25.0131;121.539723;基隆路四段/基隆路四段73巷交叉口;Daan Dist.;N.T.U.S.T;The intersection of Sec. 4, Keelung Rd. & Ln. 73, Sec. 4, Keelung Rd;
0062;南昌公園;34;6;中正區;25.026827;121.520258;和平西路一段/南昌路;Zhongzheng Dist.;Nanchang Park;Sec. 1, Heping W. Rd.& Nanchang Rd.;
0063;仁愛醫院;36;7;大安區;25.037569;121.545632;大安路一段/仁愛路四段;Daan Dist.;Taipei City Hospital Renai Branch;Da’an Rd. & Sec. 4, Sinyi Rd.;
0064;國家圖書館;50;29;中正區;25.037773;121.517029;中山南路/貴陽街口(西南側);Zhongzheng Dist.;National Central Library;The S.W. side of Zhongshan S. Rd. & Guiyang St.;
0065;青年公園3號出口;38;21;萬華區;25.022725;121.502708;青年路/青年路106巷(東側);Wanhua Dist.;Youth Park Exit 3;The E. side of Qingnian Rd. & Ln. 106, Qingnian Rd.;
0066;師範大學公館校區;42;13;文山區;25.007528;121.537188;師大公館校區校門口(汀州路側);Wenshan Dist.;NTNU Gongguan Campus;The side of Tingzhou Rd. (National Taiwan Normal University- Gongguan Campus);
0067;捷運臺大醫院(4號出口);48;17;中正區;25.042973;121.516428;公園路/襄陽路(西南側);Zhongzheng Dist.;MRT Nat’l Taiwan U. Hospital Sta.(Exit 4);The S.W. side of Gongyuan Rd. & Siangyang Rd.;
0068;國興青年路口;36;1;萬華區;25.025865;121.506536;國興路/青年路(西南側);Wanhua Dist.;Guoxing & Qingnian Intersection;The S.W. side of Guoxing Rd. & Qingnian Rd.;
0069;興豐公園;34;1;文山區;24.999837;121.547778;興隆路二段123巷/興隆路二段(西北側);Wenshan Dist.;Xingfong Park;The N.W. side of Ln. 123, Sec. 2, Xinglong Rd. & Sec. 2, Xinglong Rd.;
0070;捷運台北101/世貿站;52;27;信義區;25.032752;121.561645;莊敬路/信義線五段(東南側);Xinyi Dist.;MRT Taipei 101/World Trade Center Sta.;The S.E. side of Zhuangjing Rd. & Sec. 5, Xinyi Rd.;
0071;捷運信義安和站;30;4;大安區;25.032985;121.554204;通化街/信義路四段(西南側);Daan Dist.;MRT Xinyi Anhe Sta.;The S.W. side of Tonghua St. & Sec. 4, Xinyi Road., Daan Dist.;
0072;新生長安路口;42;9;中山區;25.048611;121.529346;新生北路一段/長安東路二段交叉口(北側);Zhongshan Dist.;Xinsheng & Changan Intersection;The intersection of Sec. 1, Xinsheng N. Rd. & Sec. 2, Chang’an E. Rd.;
0073;酒泉延平路口;32;13;大同區;25.072228;121.510195;延平北路四段/酒泉街(西北側);Datong Dist.;Jiuquan & Yanping Intersection;The N.W. side of Sec. 4, Yanping N. Rd. & Jiuquan St.;
0074;信義連雲街口;40;8;中正區;25.033817;121.530547;信義路二段/連雲街(東北側);Zhongzheng Dist.;Xinyi & Lianyun Intersection;The N.S. side of Lianyun St. & Sec. 2, Xinyi Rd.;
0075;基隆光復路口;30;4;信義區;25.0300508;121.557635;基隆路二段/光復南路(東北側);Xinyi Dist.;Keelung & Guangfu Intersection;The intersection of Sec. 2, Keelung Rd. & Guangfu S. Rd.;
0076;新生長春路口;36;3;中山區;25.056387;121.527522;新生北路二段/新生北路二段68巷交叉口(新生橋下);Zhongshan Dist.;Xinsheng & Changchun Intersection;Under the bridge- the intersection of Sec. 2, Xinsheng N. Rd. & Ln. 68, Sec. 2, Xinsheng N. Rd.;
0077;民生活動中心;32;1;松山區;25.059147;121.56297;民生東路五段/三民路口(西北側);Songshan Dist.;Minsheng Activity Center;The N.W. side of Sec. 5, Minsheng E. Rd. & Sanmin Rd.;
0078;捷運圓山站(2號出口);52;6;大同區;25.071824;121.519287;承德路三段/庫倫街(東南側);Datong Dist.;MRT Yuanshan Sta. (Exit 2);The S.E. side of Sec. 3, Chengde Rd. & Kulun St.;
0079;捷運民權西路站(3號出口);50;0;大同區;25.061285;121.520205;民權西路70巷37號對面;Datong Dist.;MRT Minquan W.Rd. Sta.(Exit 3);The opposite of No.37, Ln. 70, Minquan W. Rd.;
0080;華江高中;44;15;萬華區;25.02751;121.495869;東園街/東園街35巷(東北側);Wanhua Dist.;Huajiang High School;The N.E. side of Dongyuan St. & Ln. 35, Dongyuan St.;
0081;捷運台電大樓站(2號出口);40;1;大安區;25.020547;121.528552;羅斯福路/辛亥路交叉口(古亭國小前);Daan Dist.;MRT Taipower Building Sta. (Exit 2);The intersection of Roosevelt Rd. & Xinhai Rd. (Gu Ting Elementary School);
0082;捷運西門站(3號出口);60;27;中正區;25.041778;121.508693;中華路一段/寶慶路(東南側);Zhongzheng Dist.;MRT Ximen Sta.(Exit 3);The S.E. side of Sec. 1, Zhonghua Rd. & Baoqing Rd.;
0083;捷運大安森林公園站;74;29;大安區;25.033156;121.535161;信義路三段31巷/信義路三段(南側);Daan Dist.;MRT Daan Park Sta.;The S. side of Ln. 31, Sec. 3, Xinyi Rd. & Sec. 3, Xinyi Rd.;
0084;復華花園新城;38;4;萬華區;25.029705;121.502899;西藏路115號/西藏路(東南側);Wanhua Dist.;Fuhua Garden New Village(City);The S.E. side of No.115, Xizang Rd. & Xizang Rd.;
0085;信義敦化路口;46;9;大安區;25.033362;121.54911;信義路四段/敦化南路一段(東北側);Daan Dist.;Xinyi & Dunhua Intersection;The N.E. side of Sec. 4, Xinyi Rd. & Sec. 1, Dunhua S. Rd.;
0086;民權復興路口;46;14;松山區;25.062344;121.545138;復興北路/民權東路三段(東北側);Songshan Dist.;Minquan & Fuxing Intersection;The N.E. side of Fuxing N. Rd. & Sec. 3, Minquan E. Rd.;
0087;捷運大安站;58;11;大安區;25.033078;121.543057;復興南路/信義路三段(西南側);Daan Dist.;MRT Daan Sta.;The S.W. side of Fuxing S. Rd. & Sec. 3 Xinyi Rd.;
0088;捷運象山站;58;45;信義區;25.032835;121.571274;信義路五段/信義路五段91巷(西北側);Xinyi Dist.;MRT Xiangshan Sta.;The N.W. side of Sec. 5, Xinyi Rd. & Ln. 91, Sec. 5, Xinyi Rd.;
0089;和平重慶路口;44;9;中正區;25.027323;121.516385;重慶南路三段/和平西路一段(東北側);Zhongzheng Dist.;Heping Chongqing Intersection;The N.E. side of Sec. 3, Chongqing S. Rd. & Sec. 1, Heping W. Rd.;
0090;老松國小;44;13;萬華區;25.037783;121.501708;康定路/桂林路(東南側);Wanhua Dist.;Laosong Elementary School;The S.E. side of Kangding Rd. & Guilin Rd.;
0091;市立美術館;36;0;中山區;25.070629;121.523268;中山北路三段/酒泉街(西南側);Zhongshan Dist.;Taipei Fine Arts Museum;The S.W. side of Sec. 3, Zhongshan N. Rd. & Jiuquan St.;
0092;開封西寧路口;42;5;萬華區;25.046618;121.507169;開封街二段/西寧南路(東北側);Wanhua Dist.;Kaifong & Xining Intersection;The N.E. side of Sec. 2, Kaifeng St. & Xining S. Rd.;
0093;吳興公車總站;56;13;信義區;25.023877;121.569836;松仁路/吳興街交叉口;Xinyi Dist.;Wu Xing Bus Station.;The intersection of Songren Rd. & Wuxing St.;
0094;捷運景美站;52;0;文山區;24.993254;121.541059;羅斯福路六段/景中街交叉口(東北側);Wenshan Dist.;MRT Jingmei Sta.;The intersectionof Sec. 6, Roosevelt Rd. & Jingzhong St.;
0095;東園國小;32;10;萬華區;25.023393;121.497679;東園街/萬大路344巷(東南側);Wanhua Dist.;Dongyuan Elementary School;The S.E. side of Dongyuan St. & Ln. 344, Wanda Rd.;
0096;三民公園;30;0;松山區;25.061567;121.566558;撫遠街/富錦街(東南側);Songshan Dist.;Sanmin Park;The S.E. side of Fuyuan St. & Fujin St.;
0097;捷運劍潭站(2號出口);52;0;士林區;25.082825;121.524721;基河路18號對面;Shilin Dist.;MRT Jiantan Sta.(Exit 2);The opposite of No.18, Jihe Rd.;
0098;羅斯福景隆街口;48;22;文山區;24.999378;121.540197;羅斯福路六段/景隆街交叉口(東南側);Wenshan Dist.;Roosevelt & Jinglong Intersection;The intersection of Sec. 6, Roosevelt Rd. & Jinglong St. (the S.E. side);
0099;捷運雙連站(2號出口);42;1;大同區;25.057866;121.520711;民生西路/萬全街(東北側);Datong Dist.;MRT Shuanglian Sta. (Exit 2);The N.E. side of Minsheng W. Rd. & Wanquan St.;
0100;金山市民路口;40;24;中正區;25.045753;121.530697;金山北路/市民大道三段(南側);Zhongzheng Dist.;Jinshen & Civic Blvd. Intersection;The S. side of Jinshan N. Rd. & Sec. 3, Civic Blvd.;
0101;華山文創園區;50;20;中正區;25.043668;121.528487;忠孝東路二段41號前;Zhongzheng Dist.;Huashan 1914‧Creative Park;Front of No.41, Sec. 2, Zhongxiao E. Rd.;
0102;臺北市客家文化主題公園;32;1;中正區;25.02043;121.525322;師大路/汀州路交叉口;Zhongzheng Dist.;Taipei City Hakka Cultural Park;The intersection of Shida Rd. & Tingzhou Rd.;
0103;萬大興寧街口;52;6;萬華區;25.031974;121.500474;萬大路/興寧街(西南側);Wanhua Dist.;Wanda & Xingning Intersection;The S.W. side of Wanda Rd. & Xingning St.;
0104;台北花木批發市場;38;11;文山區;25.004023;121.54074;萬盛街/興隆路一段(西北側);Wenshan Dist.;Taipei Pot Plant Auction;The N.W. side of Wansheng St. Sec. 1, Xinglong Rd.;
0105;峨嵋停車場;42;21;萬華區;25.044412;121.505409;昆明街/西寧南路50巷(東南側);Wanhua Dist.;Emei Parking Lot;The S.E. side of Kunming St. & Ln. 50, Xining S. Rd.;
0106;西園艋舺路口;44;14;萬華區;25.032932;121.497674;西園路二段/艋舺大道(西南側);Wanhua Dist.;Xiyuan & Bangka Intersection;The S.W. side of Sec. 2, Xiyuan Rd. & Bangka Blvd.;
0107;捷運小南門站(1號出口);54;29;中正區;25.036402;121.509422;博愛路/愛國西路交叉口(西北側);Zhongzheng Dist.;MRT Xiaonanmen Sta. (Exit 1);The intersection of Bo’ai Rd. & Aiguo W. Rd.;
0108;臺北孔廟;32;4;大同區;25.073306;121.515843;哈密街59巷/哈密街(東北側);Datong Dist.;Taipei Confucius Temple;The N.E. side of Ln. 59, Hami St. & Hami St.;
0109;林安泰古厝;36;1;中山區;25.071606;121.530805;吉林路/民族東路(北側);Zhongshan Dist.;Lin An-tai Historical House;The N. side of Jilin Rd. & Minzu E. Rd.;
0110;文湖國小;44;10;內湖區;25.086376;121.560888;文湖街21巷/文湖街(東北側);Neihu Dist.;Wenhu Elementary School;The N.E. side of Ln. 21, Wenhu St. & Wenhu St.;
0111;捷運忠孝復興站(2號出口);54;18;大安區;25.040184;121.543497;復興南路一段/仁愛路三段123巷13弄(西北側);Daan Dist.;MRT Zhongxiao Fuxing Sta.(Exit 2);The N.W. side of Sec. 1, Fuxing S. Rd. & Aly. 13, Ln. 123, Sec. 3, Ren’ai Rd.;
0112;捷運新北投站;48;10;北投區;25.137456;121.503124;大業路/中和街交叉口;Beitou Dist.;MRT Xinbeitou Sta.;Daye Rd. & Zhonghe St.  Intersection;
0113;仁愛逸仙路口;38;14;信義區;25.037724;121.561178;仁愛路四段/逸仙路(西北側);Xinyi Dist.;Renai & Yixian Intersection;Sec. 4, Ren’ai Rd. & Yixian Rd.;
0114;蘭雅公園;30;1;士林區;25.109908;121.530386;忠誠路二段/忠誠路二段40巷(西南側);Shilin Dist.;Lanya Park;Sec. 2, Zhongcheng Rd. & Ln. 40, Sec. 2, Zhongcheng Rd.;
0115;臺北轉運站;68;6;中正區;25.048222;121.520526;中山北路一段/市民大道一段(西北側);Zhongzheng Dist.;Taipei Bus Sta.;Sec. 1, Zhongshan N. Rd. & Sec. 1, Civic Blvd.;
0116;福林公園;44;3;士林區;25.096122;121.530215;志成街/中正路(南側);Shilin Dist.;Fulin Park;Zhicheng St. & Zhongzheng Rd.;
0117;捷運北投站;58;5;北投區;25.132581;121.498618;光明路2巷/光明路交叉口;Beitou Dist.;MRT Beitou Sta.;Ln. 2, Guangming Rd. & Guangming Rd.  Intersection;
0118;大業大同街口;36;6;北投區;25.136929;121.499152;大業路/大同街口;Beitou Dist.;Daye & Datong Intersection;Daye Rd. & Datong St.  Intersection;
0119;捷運劍南路站(2號出口);56;31;中山區;25.08418;121.555116;敬業二路/植福路(東北側);Zhongshan Dist.;MRT Jiannan Rd. Sta.(Exit 2);Jingye 2nd Rd. & Zhifu Rd.;
0120;捷運龍山寺站(1號出口);46;0;萬華區;25.035479;121.50026;和平西路三段/和平西路三段109巷(西北側);Wanhua Dist.;MRT Longshan Temple Sta. (Exit. 1);Sec. 3, Heping W. Rd. & Ln. 109, Sec. 3, Heping W. Rd.;
0121;龍江南京路口;66;32;中山區;25.05298;121.540568;龍江路110號對面停車場;Zhongshan Dist.;Longjiang & Nanjing Intersection;No.100, Longjiang Rd.;
0122;捷運港墘站(2號出口);50;26;內湖區;25.079681;121.575458;內湖路一段/港墘路(東南側);Neihu Dist.;MRT Gangqian Sta. (Exit 2);;
0123;天母運動公園;44;13;士林區;25.116325;121.534136;忠誠路二段/忠誠路二段207巷(東南側);Shilin Dist.;Tienmu Sports Park;Sec.2,Zhongcheng Rd./Ln.207,Sec.2,Zhongcheng Rd.;
0124;振華公園;36;13;北投區;25.115863;121.518163;振華街36號對面;Beitou Dist.;Zenhua Park;No.36, Zhenhua St.;
0125;華西公園;30;17;萬華區;25.038609;121.498495;華西街/桂林路(東北側);Wanhua Dist.;Huaxi Park;Huaxi St. & Guilin Rd.;
0126;敦化基隆路口;30;9;大安區;25.022073;121.548336;敦化南路二段/基隆路二段交叉口;Daan Dist.;Dunhua & Keelung Intersection;Sec. 2, Dunhua S. Rd. & Sec. 2, Keelung Rd.;
0127;東湖國中;40;2;內湖區;25.073277;121.619521;康樂街/康樂街125巷(東南側);Neihu Dist.;Donghu Junior High School;Kangle St./Ln. 125, Kangle St.;
0128;成功國宅;36;4;大安區;25.026808;121.546726;四維路198巷/和平東路三段1巷;Daan Dist.;Chengong Public Housing;Ln. 198, Siwei Rd./Ln. 1, Sec. 3, Heping E. Rd;
0129;捷運文德站(2號出口);50;9;內湖區;25.078292;121.585264;文德路220巷/文德路(西南側);Neihu Dist.;MRT Wende Sta. (Exit 2);Ln. 220, Wende Rd./Wende Rd.;
0130;羅斯福寧波東街口;26;11;中正區;25.031445;121.519411;羅斯福路一段/寧波東街(東南側);Zhongzheng Dist.;Roosevelt & Ningbo E. St. Intersection;Sec. 1, Roosevelt Rd. & Ningbo E. St.;
0131;洲子二號公園;34;7;內湖區;25.079322;121.568688;瑞光路500號對面;Neihu Dist.;Zhouzhi Park No.2;Opposite to the parking space No.500, Ruiguang Rd.;
0132;羅斯福新生南路口;88;53;大安區;25.01603085;121.5331757;羅斯福路四段/新生南路三段交叉口;Daan Dist.;Roosevelt & Xinsheng S. Intersection;Sec. 4, Roosevelt Rd./Sec. 3, Xinsheng S. Rd.;
0133;蘭興公園;40;7;士林區;25.111839;121.525888;中山北路六段/士東路(西北側);Shilin Dist.;Lanxing Park;Sec.6, Zhongshan N. Rd / Shidong Rd;
0134;捷運芝山站(2號出口);64;0;士林區;25.10336;121.522629;福華路/福華路162巷(東南側);Shilin Dist.;MRT Zhishan Sta.(Exit 2);Fuhua Rd. / Ln. 162, Fuhua Rd.;
0135;捷運石牌站(2號出口);54;15;北投區;25.114513;121.515677;東華街一段/裕民二路(西側);Beitou Dist.;MRT Shipai Sta. (Exit 2);Sec. 1, Donghua St. / Yumin 2nd Rd.;
0136;國立臺北護理健康大學;30;3;北投區;25.118049;121.517512;石牌路二段130巷/石牌路二段(東南側);Beitou Dist.;NTUNHS;Ln. 130, Sec. 2, Shipai Rd. / Sec. 2, Shipai Rd.;
0137;國防大學;46;14;北投區;25.137976;121.493066;中央北路二段/豐年路二段交叉口;Beitou Dist.;Nat’l Defense U.;Sec. 2, Zhongyang N. Rd. / Sec. 2, Fengnian Rd.;
0138;捷運永春站(2號出口);30;0;信義區;25.040558;121.575372;忠孝東路五段420號旁(東側巷道上);Xinyi Dist.;MRT Yongchun Sta. (Exit 2);No.420, Sec. 5, Zhongxiao E. Rd.;
0139;永樂市場;30;2;大同區;25.054501;121.510549;民樂街/南京西路233巷(西北側);Datong Dist.;Yongle Market;Minle St., Datong Dist./Ln. 233, Nanjing W. Rd.;
0140;捷運大橋頭站(2號出口);46;4;大同區;25.063404;121.512909;民權西路/重慶北路三段(東北側);Datong Dist.;MRT Daqiaotou Sta. (Exit 2);Minquan W. Rd./ Sec. 3, Chongqing N. Rd.;
0141;文山行政中心;36;10;文山區;24.989902;121.569984;木柵路三段220號前;Wenshan Dist.;Wenshan Dist. Admin. Center;No.220, Sec. 3, Muzha Rd.;
0142;捷運木柵站;52;32;文山區;24.997747;121.574214;木柵路四段82巷18號前(捷運橋樑下);Wenshan Dist.;MRT Muzha Sta.;No.18, Ln. 82, Sec. 4, Muzha Rd.;
0143;捷運動物園站(2號出口);72;59;文山區;24.997659;121.578752;新光路二段28號前;Wenshan Dist.;MRT Taipei Zoo Sta.(Exit 2);No.28, Sec. 2, Xinguang Rd.;
0144;國立政治大學;70;16;文山區;24.988363;121.576536;萬壽路16巷6號前;Wenshan Dist.;Nat’l Chengchi U.;No.6, Ln. 16, Wanshou Rd.;
0145;樹德公園;40;12;大同區;25.066688;121.516149;大龍街/大龍街85巷(東北側);Datong Dist.;Shude Park;Dalong St. / Ln. 85, Dalong St.;
0146;捷運士林站(2號出口);46;5;士林區;25.092546;121.526556;中正路247巷/中山北路五段505巷(東南側);Shilin Dist.;MRT Shilin Sta.(Exit 2);Ln. 247, Zhongzheng Rd. / Ln. 505, Sec. 5, Zhongshan N. Rd.;
0147;士林運動中心;32;18;士林區;25.089175;121.521814;承德路四段/大南路(東北側);Shilin Dist.;Shilin Sports Center;Sec. 4, Chengde Rd./Danan Rd.;
0148;捷運明德站;68;11;北投區;25.110331;121.518316;致遠一路一段46巷/西安街一段(東南側);Beitou Dist.;MRT Mingde Sta.;Ln. 46, Sec. 1, Zhiyuan 1st Rd./Sec. 1, Xi’an St.;
0149;北投運動中心;62;20;北投區;25.116665;121.509621;石牌路一段39巷100號前;Beitou Dist.;Beitou Sports Center;No.100, Ln. 39, Sec. 1, Shipai Rd.;
0150;松德公園;38;9;信義區;25.036568;121.57343;松德路168巷20號前;Xinyi Dist.;Songde Park;No.20, Ln. 168, Songde Rd.;
0151;考試院;34;12;文山區;24.987507;121.549827;試院路(雙號)/木柵路一段(東北側);Wenshan Dist.;Examination Yuan;Shiyuan Rd. / Sec. 1, Muzha Rd.,;
0152;百齡國小;40;1;士林區;25.08521;121.519175;前港街100巷/前港街(北方);Shilin Dist.;Bailing Elementary School;Ln. 100, Qiangang St. / Qiangang St.;
0153;蔣渭水紀念公園;40;10;大同區;25.059885;121.516299;錦西街51號對面;Datong Dist.;Jiang Wei-shui Memorial Park;No.51, Jinxi St., Datong Dist.;
0154;中正基河路口;38;20;士林區;25.093396;121.519867;中正路420號前;Shilin Dist.;Zhongzheng & Jihe Intersection;No.420, Zhongzheng Rd.;
0155;瑞光港墘路口;30;16;內湖區;25.076193;121.57505;瑞光路/港墘路(西南側);Neihu Dist.;Ruiguang & Gangqian Intersection;Ruiguang Rd. / Gangqian Rd.;
0156;東湖國小;38;17;內湖區;25.068409;121.615938;東湖路/東湖路119巷(西北側);Neihu Dist.;Donghu Elementary School;Donghu Rd. / Ln. 119, Donghu Rd.;
0157;麗山國小;42;16;內湖區;25.082703;121.571467;內湖路一段411巷/內湖路一段411巷19弄(東北側);Neihu Dist.;Lishan Elementary School;Ln. 411, Sec. 1, Neihu Rd. / Aly. 19, Ln. 411, Sec. 1, Neihu Rd.;
0158;捷運東湖站;48;11;內湖區;25.066635;121.613505;安康路315巷/五分街14巷(西側);Neihu Dist.;MRT Donghu Sta.;Ln. 315, Ankang Rd./Ln. 14, Wufen St.;
0159;捷運西湖站(1號出口);36;18;內湖區;25.082866;121.566695;環山路一段9巷/內湖路一段285巷(西南側);Neihu Dist.;MRT Xihu Sta. (Exit 1);Ln. 9, Sec. 1, Huanshan Rd./Ln. 285, Sec. 1, Neihu Rd.;
0160;捷運中山站(4號出口);30;21;大同區;25.053082;121.52029;南京西路/南京西路25巷(東北側);Datong Dist.;MRT Zhongshan Sta. (Exit 4);Nanjing W. Rd. / Ln. 25, Nanjing W. Rd.;
0161;大豐公園;56;9;北投區;25.131143;121.503768;磺港路/大興街(東北側);Beitou Dist.;Dafong Park;Huanggang Rd. / Daxing St.;
0162;捷運中山國小站(4號出口);70;25;中山區;25.062924;121.52772;民權東路一段/新生北路三段(北側)(新生高架橋下);Zhongshan Dist.;MRT Zhongshan Elementary School sta.(Exit 4);Sec. 1, Minquan E. Rd./Sec. 3, Xinsheng N. Rd;
0163;捷運麟光站2號出口;72;37;大安區;25.018097;121.559279;和平東路三段/和平東路三段416巷(捷運高架橋下);Daan Dist.;MRT Linguang Sta. (Exit 2);Sec. 3, Heping E. Rd./Ln. 416,Sec. 3, Heping E. Rd.;
0164;捷運奇岩站;56;6;北投區;25.126286;121.500801;北投路一段/三合街二段(東北側);Beitou Dist.;MRT Qiyan Sta.;Sec. 1, Beitou Rd./Sec. 2, Sanhe St.;
0165;捷運唭哩岸站(2號出口);62;1;北投區;25.120788;121.505693;西安街二段/立農街一段257巷;Beitou Dist.;MRT Qilian Sta. (Exit 2);Sec. 2, Xi'an St./Ln. 257,Sec. 2, Linong St.;
0166;臺北市立景美女中;34;1;文山區;24.980602;121.556177;木新路三段/一壽街(西北側);Wenshan Dist.;Taipei JingMei Girls High School;Sec. 3, Muxin Rd./Yishou St.;
0167;臺北市立天文館;50;23;士林區;25.095714;121.518046;基河路363號前;Shilin Dist.;Taipei Astronomical Museum;No.363, Jihe Rd.;
0168;河堤國小;44;6;中正區;25.02288;121.522855;金門街12巷23弄1號旁;Zhongzheng Dist.;Heti Elementary School;No.1, Aly. 23, Lane 12, Jinmen St.;
0169;植物園;44;37;中正區;25.030015;121.509813;和平西路二段100號前;Zhongzheng Dist.;Taipei Botanical Garden;No.100, Sec. 2, Heping W. Rd.;
0170;新東公園;50;0;松山區;25.059245;121.568883;民生東路五段/塔悠路(西南側);Songshan Dist.;XinDong Park;Sec. 5, Minsheng E. Rd./Tayou Rd.;
0171;文山運動中心;38;30;文山區;24.996842;121.559651;興隆路三段/興隆路三段192巷8弄;Wenshan Dist.;Taipei Wen Shan Sports Center;Sec. 3, Xinglong Rd./Aly. 8, Ln. 192, Sec. 3, Xinglong Rd.;
0172;捷運南京三民站(1號出口);24;6;松山區;25.051518;121.563785;南京東路五段/三民路(西北側);Songshan Dist.;MRT Nanjing Sanmin Sta. (Exit 1);Sec. 5, Nanjing E. Rd./Sanmin Rd.;
0173;捷運松江南京站(7號出口);56;0;中山區;25.052181;121.533211;松江路/南京東路二段(東北側);Zhongshan Dist.;MRT Songjiang Nanjing Sta. (Exit 7);Sec. 2, Nanjing E. Rd./Sec. 2, Nanjing E. Rd.;
0174;捷運小巨蛋站(5號出口);52;7;松山區;25.051702;121.553057;南京東路四段/健康路(東北側);Songshan Dist.;MRT Taipei Arena Sta. (Exit 5);Sec. 4, Nanjing E. Rd./Jiankang Rd.;
0175;捷運南京復興站(5號出口);52;19;松山區;25.051618;121.544847;南京東路三段/南京東路三段256巷(東南側);Songshan Dist.;MRT Nanjing Fuxing Sta. (Exit 5);Sec. 3, Nanjing E. Rd./Ln. 256, Sec. 3, Nanjing E. Rd.;
0176;興安華城;98;50;中山區;25.055997;121.542318;興安街/遼寧街;Zhongshan Dist.;Xingan Huacheng Community;Xing’an St./Liaoning St.;
0177;葫蘆國小;40;4;士林區;25.082538;121.507495;環河北路三段/葫蘆街(東北側);Shilin Dist.;Hulu Elementary School;Sec. 3, Huanhe N. Rd./Hulu St.;
0178;延平國宅;32;5;士林區;25.078908;121.510306;延平北路五段一巷40號前;Shilin Dist.;Yanping Public Housing;No.40, Ln. 1, Sec. 5, Yanping N. Rd.;
0179;南港公園;52;10;南港區;25.041278;121.590885;福德街383號對面(南港公園出口前);Nangang Dist.;Nangang Park;No.383, Fude St.;
0180;福華商場;40;19;內湖區;25.068770;121.592654;民權東路六段/民權東路六段180巷(石潭平面停車場內);Neihu Dist.;Fuhua Market;Sec. 6, Minquan E. Rd./Ln. 180, Sec. 6, Minquan E. Rd.;
0181;建國和平路口;52;19;大安區;25.025850;121.537383;建國南路二段/和平東路二段(西北側);Daan Dist.;JianGuo & Heping Intersection;Sec. 2, Jianguo S. Rd./Sec. 2, Heping E. Rd.;
0182;捷運古亭站(2號出口);50;20;中正區;25.025300;121.523537;羅斯福路二段/羅斯福路二段174巷(捷運古亭站2號出口前);Zhongzheng Dist.;MRT Guting Sta. (Exit 2);Sec. 2, Roosevelt Rd./Ln. 174, Sec. 2, Roosevelt Rd.;
0183;圓環站;38;14;大同區;25.053884;121.514549;南京西路/重慶北路一段(東南側);Datong Dist.;Yuanhuan;Nanjing W. Rd./Sec. 1, Chongqing N. Rd.;
0184;劍潭社區;42;10;中山區;25.084759;121.537892;通北街143號前;Zhongshan Dist.;Jiantan Community;No.143, Tongbei St.;
0185;瑠公公園;30;5;大安區;25.042342;121.546050;大安路一段/大安路一段75巷(西側);Daan Dist.;LiuGong Park;Ln. 75, Sec. 1/Ln. 75, Sec. 1, Da’an Rd.;
0186;臺北市立大學;82;52;中正區;25.035414;121.514218;愛國西路/公園路(西北側);Zhongzheng Dist.;University of Taipei;Aiguo W. Rd./Gongyuan Rd.;
0187;仁愛延吉街口;34;7;大安區;25.037465;121.555769;仁愛路四段/延吉街(東南側);Daan Dist.;Renai & Yanji Intersection;Sec. 4, Ren’ai Rd./Yanji St.;
0188;社子國小;60;19;士林區;25.090293;121.501890;延平北路六段/社中街(社子國小對面跨提便道橋下);Shilin Dist.;Taipei Municipal Shezi Elementary School;Sec. 6, Yanping N. Rd./Shezhong St.;
0189;金瑞公園(金龍路);38;19;內湖區;25.087848;121.587821;金龍路213巷1弄7號前;Neihu Dist.;JinRui Park;No.7, Aly. 1, Ln. 213, Jinlong Rd.;
0190;捷運大直站(3號出口);52;31;中山區;25.079278;121.546683;北安路458巷41弄/北安路536巷(捷運大直站3號出口前人行道);Zhongshan Dist.;MRT Dazhi Sta. (Exit 3);Aly. 41, Ln. 458, Bei’an Rd./Ln. 536, Bei’an Rd.;
0191;捷運大湖公園站(2號出口);58;25;內湖區;25.083945;121.601854;成功路五段/大湖山莊街(大湖公園地下停車場旁);Neihu Dist.;MRT Dahu Park Sta. (Exit 2);Sec. 5, Chenggong Rd./Dahu Shanzhuang St.;
0192;捷運葫洲站(1號出口);44;4;內湖區;25.072485;121.607955;康寧路三段/成功路五段450巷21弄(西北側)(捷運葫洲站1號出口前自行車停放區);Neihu Dist.;MRT Huzhou Sta. (Exit 1);Sec. 3, Kangning Rd./Aly. 21, Ln. 450, Sec. 5, Chenggong Rd.;
0193;舊莊區民活動中心;36;3;南港區;25.041277;121.619350;舊莊街一段91巷/舊莊街一段91巷12弄(舊莊區民活動中心前);Nangang Dist.;Jiuzhuang Recreation Center;Ln. 91, Sec. 1, Jiuzhuang St./Aly. 12, Ln. 91, Sec. 1, Jiuzhuang St.;
0194;市民林森路口;50;19;中山區;25.047958;121.524388;市民大道二段/林森北路(東北側);Zhongshan Dist.;Civic Blvd Linsen Intersection;Sec. 2, Civic Blvd./Linsen N. Rd.;
0195;信義杭州路口(中華電信總公司);50;26;中正區;25.035851;121.523987;信義路一段/杭州南路一段(西北側);Zhongzheng Dist.;Xinyi Hangzhou Intersection(Chunghwa Telecom);Sec. 1, Xinyi Rd./Sec. 1, Hangzhou S. Rd.;
0196;新湖國小;24;9;內湖區;25.068744;121.589233;民權東路六段/成功路二段320巷31弄(東南側);Neihu Dist.;Xinhu Elementary School;Sec. 6, Minquan E. Rd./Aly. 31, Ln. 320, Sec. 2, Chenggong Rd.;
